full_name,abbreviation,certainty,full_name_pointing_to_abbreviation_count,abbreviation_pointing_to_full_name_count,full_names_pointing_to_abbreviation_sum,full_name_pointing_to_abbreviation_share,abbreviations_pointing_to_full_name_sum,abbreviation_pointing_to_full_name_share,frequency_score,frequency_score_normalized,wasserstein_distance,n_departments,n_not_overlapping_departments,penalization_score,department_score,wasserstein_distance_normalized,penalization_score_normalized,department_score_normalized,score,normalized_score
Kai-Uwe Brandt,kub,0.8,35,35,35,1.0,48,0.7291666666666666,0.7291666666666666,0.7291587704209063,0.9436422262722557,3,1,0.2833333333333333,0.532773327688653,0.9221244092194352,0.3893510815307821,0.71216455394761,-2.2413233243685164,0.25838296803128497
Kai-Uwe Brandt,ka,0.407,13,13,452,0.028761061946902654,48,0.2708333333333333,0.007789454277286135,0.007760526012738402,,6,6,,0.0,,,0.3839490270782652,-0.7987095530910036,0.8319924182311557
Nadja Topfstedt,jap,0.3,21,21,21,1.0,21,1.0,1.0,1.0,,3,3,,0.0,,,0.3839490270782652,-1.683949027078265,0.4800051170705772
Andreas Tappert,art,0.672,137,137,137,1.0,202,0.6782178217821783,0.6782178217821783,0.6782084401040471,,11,11,,0.0,,,0.3839490270782652,-1.7341574671823123,0.4600413289126618
Andreas Tappert,ast,0.786,43,43,43,1.0,202,0.21287128712871287,0.21287128712871287,0.21284833810066917,1.0,11,10,0.9090909090909091,0.04840417486008164,1.0,0.9515958251399184,0.4137684660942923,-1.4126168041949614,0.5878917394558426
Andreas Tappert,at,0.8,22,22,22,1.0,202,0.10891089108910891,0.10891089108910891,0.10888491105736131,0.9067732812468209,8,6,0.75,0.06252638059105675,0.8711786268472964,0.8086522462562397,0.4224684646746604,-1.3313533757320217,0.6202035553070836
Annett Riedel,ar,0.9,56,56,66,0.8484848484848485,56,1.0,0.8484848484848485,0.8484804310047028,0.7694475760992108,8,6,0.75,-0.1272312998558397,0.6814209464004,0.8086522462562397,0.3055680610159782,-2.054048492020681,0.3328468444742405
Angelika Raulien,ar,0.8,1,1,66,0.015151515151515152,159,0.006289308176100629,9.529254812273681e-05,6.613995745094238e-05,0.9472519875561699,6,4,0.6666666666666666,0.19333536593207878,0.9271124042016295,0.7337770382695508,0.503053467360902,-1.3031196073183529,0.6314298146838351
Angelika Raulien,agri,0.8,127,127,810,0.15679012345679014,159,0.7987421383647799,0.12523487848435438,0.1252093743844822,0.9249589392964749,20,17,0.85,-0.0021947914820007464,0.8963077043582655,0.8985024958402662,0.38259692365041836,-1.3078062980349006,0.6295663012898135
Angelika Raulien,ala,0.555,31,31,239,0.1297071129707113,159,0.1949685534591195,0.02528880818925818,0.025260390124830334,0.9388507287652873,11,8,0.7272727272727273,0.12727174735038005,0.9155034823375228,0.7882317349871427,0.46235491085891606,-1.0426153009837464,0.7350110606877228
Andrea Richter,ar,0.8,9,9,66,0.13636363636363635,10,0.9,0.12272727272727273,0.1227016955172295,0.9647680563711096,5,3,0.6,0.2774393664491951,0.9513162383293948,0.6738768718801997,0.5548658187060815,-1.4775675142233111,0.5620661568839666
Andrea Richter,ahr,0.6,1,1,492,0.0020325203252032522,10,0.1,0.00020325203252032523,0.00017410258944713128,0.8451064105052074,17,15,0.8823529411764706,-0.1416048078974832,0.7859668863376151,0.9275716942350983,0.2967132474026254,-0.8968873499920725,0.792955142126141
Antje Henselin-Rudolph,ahr,0.8,491,491,492,0.9979674796747967,491,1.0,0.9979674796747967,0.9979674204159167,0.4211464942039829,18,12,0.6666666666666666,-0.5336411165958791,0.20013592167367167,0.7337770382695508,0.05519889800833306,-1.85316631842425,0.41272124706611596
Heike Liesaus,lis,0.4,129,129,265,0.4867924528301887,129,1.0,0.4867924528301887,0.4867774900747973,0.8116774868151444,9,7,0.7777777777777778,-0.093836097893782,0.7397745510246873,0.8336106489184693,0.3261412076756217,-1.212918697750419,0.6672953354316179
Juliane Streich,lis,0.415,12,12,265,0.045283018867924525,12,1.0,0.045283018867924525,0.045255183742086105,1.0,9,8,0.8888888888888888,0.06655574043261236,1.0,0.9334442595673876,0.4249507557253025,-0.8852059394673887,0.7975998832218045
Janina Fleischer,lis,0.3,2,2,265,0.007547169811320755,36,0.05555555555555555,0.0004192872117400419,0.0003901440672522067,1.0,10,9,0.9,0.056572379367720416,1.0,0.9434276206322796,0.41880049642824685,-0.7191906404954991,0.8636105828726912
Janina Fleischer,jaf,0.6,34,34,34,1.0,36,0.9444444444444444,0.9444444444444444,0.9444428247017244,0.8153267848169493,2,0,-0.1,0.6998920533456217,0.744817178137635,0.04492512479201333,0.815118207482026,-2.35956103218375,0.2113695068241811
Lisa Berins,lis,0.313,45,45,265,0.16981132075471697,45,1.0,0.16981132075471697,0.16978711629746618,0.9684519442406455,9,7,0.7777777777777778,0.1227960130602942,0.9564066619787635,0.8336106489184693,0.45959763039496954,-0.9423847466924358,0.7748645504331824
Lisa Schliep,lis,0.6,77,77,265,0.29056603773584905,77,1.0,0.29056603773584905,0.29054535392692565,0.8558091286307055,15,12,0.8,-0.05282138922564894,0.8007559818226041,0.853577371048253,0.3514083588547266,-1.2419537127816522,0.6557504858397123
Nico Fliegner,nf,0.8,259,259,259,1.0,390,0.6641025641025641,0.6641025641025641,0.6640927708888874,0.8178622483899257,5,2,0.4,0.2541443278428572,0.7483207005550037,0.4941763727121465,0.5405148875083977,-2.004607658397285,0.3525054183467367
Nico Fliegner,cg,0.3,2,2,28,0.07142857142857142,390,0.005128205128205128,0.0003663003663003663,0.0003371556769615022,,5,5,,0.0,,,0.3839490270782652,-0.6842861827552267,0.8774892295434437
Nico Fliegner,noe,0.6,20,20,130,0.15384615384615385,390,0.05128205128205128,0.007889546351084813,0.007860621004758421,1.0,9,8,0.8888888888888888,0.06655574043261236,1.0,0.9334442595673876,0.4249507557253025,-1.0328113767300608,0.7389092791249264
Nico Fliegner,nie,0.497,109,109,109,1.0,390,0.2794871794871795,0.2794871794871795,0.2794661726700562,1.0,5,4,0.8,0.14642262895174696,1.0,0.853577371048253,0.4741528301017471,-1.2506190027718034,0.6523050090766065
Frank Pfütze,pfü,0.4,54,54,59,0.9152542372881356,60,0.9,0.823728813559322,0.8237236743078441,0.7787980793030048,7,3,0.42857142857142855,0.1744936686589994,0.6943415412522963,0.5198478725932969,0.49144602142432464,-1.7151696957321687,0.467591211881263
Frank Pfütze,fp,0.9,6,6,60,0.1,60,0.1,0.010000000000000002,0.009971136184728419,1.0,12,11,0.9166666666666666,0.04159733777038266,1.0,0.9584026622296173,0.4095751074826635,-1.319546243667392,0.6248982855716034
Werner Kopfmüller,pfü,0.3,5,5,59,0.0847457627118644,5,1.0,0.0847457627118644,0.08471907813688297,,7,7,,0.0,,,0.3839490270782652,-0.7686681052151482,0.8439374438106756
Kendra Reinhardt,ka,0.6,7,7,452,0.015486725663716814,9,0.7777777777777778,0.012045231071779744,0.012016426885974669,,6,6,,0.0,,,0.3839490270782652,-0.9959654539642399,0.7535598875695506
Kendra Reinhardt,kr,0.9,2,2,58,0.034482758620689655,9,0.2222222222222222,0.007662835249042145,0.007633903292869926,,8,8,,0.0,,,0.3839490270782652,-1.291582930371135,0.6360170070790435
Karoline Maria Keybe,ka,0.523,31,31,452,0.06858407079646017,79,0.3924050632911392,0.026912736641648928,0.026884365923454275,,6,6,,0.0,,,0.3839490270782652,-0.9338333930017194,0.7782647240532169
Karoline Maria Keybe,mey,0.3,46,46,217,0.2119815668202765,79,0.5822784810126582,0.1234323047307939,0.12340674807621886,1.0,2,1,0.4,0.5058236272878536,1.0,0.4941763727121465,0.6955621647957484,-1.1189689128719673,0.7046514771262877
Karoline Maria Keybe,kol,0.6,2,2,14,0.14285714285714285,79,0.02531645569620253,0.003616636528028933,0.003587586603440112,,3,3,,0.0,,,0.3839490270782652,-0.9875366136817053,0.7569113476322156
Karin Rieck,ka,0.396,5,5,452,0.011061946902654867,44,0.11363636363636363,0.001257039420756235,0.0012279207012431516,0.7003318816882255,4,2,0.5,0.0018897436630950226,0.5859163659592681,0.5840266222961731,0.3851132055004876,-0.7823411262017308,0.8385008022044198
Karin Rieck,kr,0.9,11,11,58,0.1896551724137931,44,0.25,0.04741379310344827,0.047386020101118864,1.0,7,6,0.8571428571428571,0.09507962918944612,1.0,0.9049203708105539,0.44252292514546127,-1.3899089452465803,0.5969207968140448
Karin Rieck,karin,0.65,28,28,28,1.0,44,0.6363636363636364,0.6363636363636364,0.6363530344112868,1.0,2,1,0.4,0.5058236272878536,1.0,0.4941763727121465,0.6955621647957484,-1.9819151992070352,0.3615283524812663
Karin Tamcke,ka,0.381,1,1,452,0.0022123893805309734,1,1.0,0.0022123893805309734,0.0021832985145984543,,7,7,,0.0,,,0.3839490270782652,-0.7671323255928637,0.8445480976962173
Klaus Staeubert,ka,0.415,75,75,452,0.16592920353982302,123,0.6097560975609756,0.1011763436218433,0.10115013808651055,,11,11,,0.0,,,0.3839490270782652,-0.9000991651647757,0.7916780660493431
Klaus Staeubert,ks,0.9,48,48,127,0.3779527559055118,123,0.3902439024390244,0.14749375840215095,0.14746890326813544,0.846686252053976,9,7,0.7777777777777778,-0.04546072578198457,0.7881499231364847,0.8336106489184693,0.35594290273054546,-1.4034118059986809,0.5915518140091192
Kay Würker,ka,0.507,199,199,452,0.44026548672566373,199,1.0,0.44026548672566373,0.44024916745940895,1.0,5,4,0.8,0.14642262895174696,1.0,0.853577371048253,0.4741528301017471,-1.421401997561156,0.5843985869315741
Kathrin Kabelitz,ka,0.458,107,107,452,0.23672566371681417,107,1.0,0.23672566371681417,0.23670341017192123,0.8872410375420021,5,2,0.4,0.3500124545534478,0.8441888272655943,0.4941763727121465,0.5995745402406413,-1.2942779504125626,0.6349454181374852
Kai Kollenberg,ka,0.451,14,14,452,0.030973451327433628,42,0.3333333333333333,0.01032448377581121,0.010295629420983832,,6,6,,0.0,,,0.3839490270782652,-0.8452446564992491,0.8134892154942516
Kai Kollenberg,kol,0.7,12,12,14,0.8571428571428571,42,0.2857142857142857,0.24489795918367344,0.2448759439050701,1.0,2,1,0.4,0.5058236272878536,1.0,0.4941763727121465,0.6955621647957484,-1.6404381087008184,0.4973058488846626
Kai Kollenberg,allner,0.3,16,16,73,0.2191780821917808,42,0.38095238095238093,0.08349641226353555,0.08346969126328083,,4,4,,0.0,,,0.3839490270782652,-0.7674187183415461,0.8444342227350992
Nikos Natsidis,nn,0.8,109,109,109,1.0,109,1.0,1.0,1.0,0.980831259244299,4,1,0.25,0.6141114931600787,0.9735124914961852,0.3594009983361065,0.762273009921951,-2.562273009921951,0.130767540854892
Matthias Puppe,mape,0.8,31,31,31,1.0,1612,0.019230769230769232,0.019230769230769232,0.01920217454198037,0.8247016403433041,15,12,0.8,-0.09580594783833785,0.7577714232099152,0.853577371048253,0.32492767970076825,-1.1441298542427487,0.6946470296202694
Matthias Puppe,mi,0.6,7,7,31,0.22580645161290322,1612,0.004342431761786601,0.0009805491075002002,0.0009514223268100197,0.7327479002850639,17,14,0.8235294117647058,-0.2440095447614885,0.630709061483006,0.8747186062444945,0.23362670962576068,-0.8345781319525707,0.8177304194828598
Matthias Puppe,mpu,0.8,1574,1574,1574,1.0,1612,0.9764267990074442,0.9764267990074442,0.9764261117220717,0.6783222164401145,29,14,0.4827586206896552,-0.013031953085717696,0.5555032468683818,0.5685351999540995,0.37592067970073845,-2.15234679142281,0.29376165438506946
Robert Nößler,nöß,0.4,1747,1747,1747,1.0,1747,1.0,1.0,1.0,0.6696075738960756,36,20,0.5555555555555556,-0.09048213861660781,0.5434612890040246,0.6339434276206324,0.3282074175514647,-1.7282074175514648,0.4624071767683841
Ditmar Wohlgemuth,dom,0.6,32,32,73,0.4383561643835616,133,0.24060150375939848,0.105469152332887,0.1054430719559761,,5,5,,0.0,,,0.3839490270782652,-1.0893920990342412,0.7164117557690586
Ditmar Wohlgemuth,thth,0.3,101,101,207,0.48792270531400966,133,0.7593984962406015,0.3705277686971051,0.37050941620195066,,7,7,,0.0,,,0.3839490270782652,-1.054458443280216,0.7303020121006566
Claudia Carell-Domröse,dom,0.3,1,1,73,0.0136986301369863,1,1.0,0.0136986301369863,0.013669874156641013,,4,4,,0.0,,,0.3839490270782652,-0.6976189012349062,0.8721878983978065
Dominik Bath,dom,0.6,2,2,73,0.0273972602739726,2,1.0,0.0273972602739726,0.02736890368224322,0.8316831683168318,5,3,0.6,0.09354167859411011,0.7674185504743098,0.6738768718801997,0.441575469184899,-1.0689443728671422,0.7245421432629756
Dominic Welters,dom,0.6,38,38,73,0.5205479452054794,39,0.9743589743589743,0.5072005619950825,0.5071861942456435,0.8816364054240404,6,4,0.6666666666666666,0.10266726666266524,0.836444304932216,0.7337770382695508,0.4471972965930153,-1.5543834908386587,0.5315227287050742
Dominic Welters,diw,0.9,1,1,113,0.008849557522123894,39,0.02564102564102564,0.0002269117313365101,0.00019776297807056462,,6,6,,0.0,,,0.3839490270782652,-1.2841467900563357,0.6389737515954943
Michael Dick,mi,0.6,3,3,31,0.0967741935483871,82,0.036585365853658534,0.003540519276160503,0.0035114671323451196,0.8036966220522626,12,10,0.8333333333333334,-0.15478092148865163,0.7287465327542769,0.8835274542429286,0.28859608980545876,-0.8921075569378039,0.794855674701468
Michael Dick,midi,0.8,79,79,79,1.0,82,0.9634146341463414,0.9634146341463414,0.9634135674865014,0.4679571388094686,11,3,0.2727272727272727,-0.11500229115899324,0.2648192184462102,0.37982150960520344,0.3131017537215388,-2.0765153212080403,0.32391362492894027
Matthias Roth,mi,0.6,12,12,31,0.3870967741935484,980,0.012244897959183673,0.004739960500329163,0.004710943326665218,0.40193370165745856,19,14,0.7368421052631579,-0.62324230291743,0.17358754207775354,0.7968298449951835,0.0,-0.6047109433266652,0.9091297907573569
Matthias Roth,mro,0.71,824,824,824,1.0,980,0.8408163265306122,0.8408163265306122,0.8408116854718796,0.6016999937788428,27,10,0.37037037037037035,-0.017927986662267748,0.4496260898768338,0.4675540765391015,0.37290447345244726,-1.9237161589243268,0.3846693484729804
Matthias Roth,ttr,0.6,1,1,35,0.02857142857142857,980,0.0010204081632653062,2.915451895043732e-05,0.0,1.0,19,18,0.9473684210526315,0.014011734827918398,1.0,0.9859882651720816,0.39258096995132574,-0.9925809699513257,0.7549056199149023
Matthias Roth,thth,0.3,25,25,207,0.12077294685990338,980,0.025510204081632654,0.0030809425219363107,0.003051876978991092,0.7303797646331005,20,16,0.8,-0.2261406170172069,0.6274367540310462,0.853577371048253,0.24463487994769353,-0.5476867569266847,0.9318036434962099
Matthias Roth,mot,0.6,118,118,118,1.0,980,0.12040816326530612,0.12040816326530612,0.12038251844077087,0.7869395334442337,20,17,0.85,-0.1929110327205107,0.7055914631197555,0.8985024958402662,0.26510599768345805,-0.9854885161242289,0.757725708438476
Manuel Niemann,mi,0.519,4,4,31,0.12903225806451613,17,0.23529411764705882,0.03036053130929791,0.030332261112828895,0.8322295805739516,9,7,0.7777777777777778,-0.06543706192446785,0.7681735869940014,0.8336106489184693,0.343636461414557,-0.8929687225273859,0.7945132596142103
Manuel Niemann,lin,0.437,13,13,50,0.26,17,0.7647058823529411,0.1988235294117647,0.1988001708161617,0.9291497975708501,10,8,0.8,0.04852129243432446,0.9020986634825775,0.853577371048253,0.4138406164898508,-1.0496407873060125,0.7322175996609831
Mathias Orbeck,mi,0.505,5,5,31,0.16129032258064516,120,0.041666666666666664,0.006720430107526881,0.00669147067518505,0.7860607307681001,12,10,0.8333333333333334,-0.17915032719531898,0.7043771270476096,0.8835274542429286,0.27358329371034185,-0.7852747643855269,0.8373343343533591
Mathias Orbeck,mabe,0.6,1,1,20,0.05,120,0.008333333333333333,0.0004166666666666667,0.000387523445775873,1.0,9,8,0.8888888888888888,0.06655574043261236,1.0,0.9334442595673876,0.4249507557253025,-1.0253382791710783,0.7418807185132402
Mathias Orbeck,mo,0.9,109,109,109,1.0,120,0.9083333333333333,0.9083333333333333,0.9083306607578452,0.7540390154343055,9,6,0.6666666666666666,-0.07364775556499592,0.6601292827045548,0.7337770382695508,0.3385782556089474,-2.1469089163667925,0.29592385232275836
Mathias Orbeck,beck,0.3,5,5,36,0.1388888888888889,120,0.041666666666666664,0.005787037037037037,0.00575805039127585,0.7037889518413597,9,6,0.6666666666666666,-0.14308366706792242,0.5906933712016283,0.7337770382695508,0.29580219477186204,-0.6015602451631379,0.9103825656007067
Robin Seidler,bis,0.6,3,3,108,0.027777777777777776,3,1.0,0.027777777777777776,0.027749432280176616,1.0,6,5,0.8333333333333334,0.11647254575707144,1.0,0.8835274542429286,0.45570205221058036,-1.083451484490757,0.7187738520625937
Birgit Schöppenthau,bis,0.9,101,101,108,0.9351851851851852,101,1.0,0.9351851851851852,0.9351832954853452,0.8319080197643482,5,2,0.4,0.27355287916420606,0.7677292518763525,0.4941763727121465,0.5524715444329161,-2.3876548399182616,0.20019889835678556
Bastian Schröder,bis,0.727,4,4,108,0.037037037037037035,4,1.0,0.037037037037037035,0.03700896149655589,,10,10,,0.0,,,0.3839490270782652,-1.147957988574821,0.6931248938461413
Christin Grödel,cgr,0.506,27,27,34,0.7941176470588235,645,0.04186046511627907,0.033242134062927496,0.03321394788064997,,2,2,,0.0,,,0.3839490270782652,-0.9231629749589153,0.7825074761666364
Christin Grödel,cg,0.8,19,19,28,0.6785714285714286,645,0.02945736434108527,0.019988925802879292,0.019960353218425018,,1,1,,0.0,,,0.3839490270782652,-1.2039093802966903,0.6708776037658049
Christin Grödel,chg,0.636,599,599,1274,0.47017268445839877,645,0.9286821705426357,0.4366409891326835,0.4366245641928641,,23,23,,0.0,,,0.3839490270782652,-1.4565735912711293,0.5704137221449548
Christine Gräfe,cgr,0.688,7,7,34,0.20588235294117646,14,0.5,0.10294117647058823,0.10291502238960834,1.0,2,1,0.4,0.5058236272878536,1.0,0.4941763727121465,0.6955621647957484,-1.4864771871853566,0.5585235090103823
Christine Gräfe,cg,0.9,7,7,28,0.25,14,0.5,0.125,0.12497448905215895,,2,2,,0.0,,,0.3839490270782652,-1.408923516130424,0.5893602579036131
Steffen Brost,bro,0.4,127,127,127,1.0,297,0.4276094276094276,0.4276094276094276,0.4275927393510997,0.9296307015845694,4,1,0.25,0.5433621818883503,0.9027631802244568,0.3594009983361065,0.7186878278794601,-1.5462805672305597,0.5347445983755247
Steffen Brost,stb,0.9,170,170,171,0.9941520467836257,297,0.5723905723905723,0.5690432591017386,0.5690306943989514,1.0,13,12,0.9230769230769231,0.03583770638679107,1.0,0.9641622936132089,0.40602688096513134,-1.8750575753640828,0.40401688550555653
Guido Schäfer,gs,0.8,55,55,55,1.0,55,1.0,1.0,1.0,0.8724941638566718,8,2,0.25,0.46441048922193817,0.8238114875580447,0.3594009983361065,0.670049560798499,-2.470049560798499,0.16743726008292417
Kathleen Retzar,kr,0.8,45,45,58,0.7758620689655172,45,1.0,0.7758620689655172,0.7758555341414397,1.0,8,7,0.875,0.07903494176372716,1.0,0.9209650582362728,0.432638579846622,-2.0084941139880614,0.3509600929803518
Stephan Lohse,sl,0.9,337,337,344,0.9796511627906976,337,1.0,0.9796511627906976,0.9796505695128409,0.4342749195666933,13,6,0.46153846153846156,-0.331191956539438,0.2182768774551864,0.5494688339946244,0.17991790002829158,-2.0595684695411327,0.3306520011047515
Simone Liss,sl,0.8,7,7,344,0.020348837209302327,7,1.0,0.020348837209302327,0.0203202751181979,,13,13,,0.0,,,0.3839490270782652,-1.2042693021964632,0.6707344922780635
Holger Günther,hog,0.873,101,101,101,1.0,101,1.0,1.0,1.0,1.0,1,0,-0.15000000000000002,1.0,1.0,0.0,1.0,-2.873,0.007216843163234133
Stefan Banitz,stb,0.9,1,1,171,0.005847953216374269,1,1.0,0.005847953216374269,0.005818968346646766,0.5976427970101278,10,4,0.4,-0.05015654749727422,0.44401982521487227,0.4941763727121465,0.35305003719417427,-1.2588690055408212,0.6490246580590968
Jens Rosenkranz,joka,0.6,2348,2348,2348,1.0,2370,0.9907172995780591,0.9907172995780591,0.9907170289375034,,30,30,,0.0,,,0.3839490270782652,-1.9746660560157685,0.36441074354334546
Jens Rosenkranz,jr,0.9,22,22,75,0.29333333333333333,2370,0.009282700421940928,0.0027229254571026723,0.002693849476037834,1.0,6,5,0.8333333333333334,0.11647254575707144,1.0,0.8835274542429286,0.45570205221058036,-1.358395901686618,0.609450955578956
Andreas Dunte,ade,0.53,7,7,25,0.28,7,1.0,0.28,0.279979008134348,0.9279700654817586,6,3,0.5,0.31644187861389717,0.9004685009100702,0.5840266222961731,0.5788933542715381,-1.388872362405886,0.5973329609879738
Andreas Debski,ade,0.518,18,18,25,0.72,18,1.0,0.72,0.7199918364966909,1.0,10,9,0.9,0.056572379367720416,1.0,0.9434276206322796,0.41880049642824685,-1.6567923329249377,0.4908031121491502
Jens Rometsch,jr,0.9,44,44,75,0.5866666666666667,48,0.9166666666666666,0.5377777777777778,0.5377643015183469,0.6747149932535611,13,9,0.6923076923076923,-0.20629680475592405,0.5505187590479925,0.7568155638039166,0.2568596797977331,-1.69462398131608,0.4757605612835911
Jens Rometsch,joh,0.6,4,4,23,0.17391304347826086,48,0.08333333333333333,0.014492753623188404,0.014464020795806358,0.943658706236958,12,9,0.75,0.11349493510095676,0.9221471813571964,0.8086522462562397,0.4538676922688988,-1.0683317130647052,0.7247857479334927
Jörg Reuter,jr,0.9,9,9,75,0.12,9,1.0,0.12,0.11997434327531414,1.0,6,5,0.8333333333333334,0.11647254575707144,1.0,0.8835274542429286,0.45570205221058036,-1.4756763954858945,0.5628181000587995
Michael Strohmeyer,mey,0.3,171,171,217,0.7880184331797235,172,0.9941860465116279,0.7834369306612368,0.7834306166850468,1.0,1,0,-0.15000000000000002,1.0,1.0,0.0,1.0,-2.083430616685047,0.3211639777846303
Michael Strohmeyer,ms,0.9,1,1,26,0.038461538461538464,172,0.005813953488372093,0.00022361359570661896,0.00019446474628231233,,4,4,,0.0,,,0.3839490270782652,-1.2841434918245476,0.6389750630323877
Frank Schmidt,fs,0.9,55,55,86,0.6395348837209303,56,0.9821428571428571,0.6281146179401993,0.628103775484674,1.0,7,6,0.8571428571428571,0.09507962918944612,1.0,0.9049203708105539,0.44252292514546127,-1.9706267006301355,0.36601686464661415
Frank Schmidt,frank,0.6,1,1,34,0.029411764705882353,56,0.017857142857142856,0.0005252100840336134,0.0004960700277662014,0.7815414544830349,8,6,0.75,-0.11051988878203844,0.6981323574742012,0.8086522462562397,0.31586314206688854,-0.9163592120946548,0.7852127759173817
Frauke Sievers,fs,0.9,16,16,86,0.18604651162790697,16,1.0,0.18604651162790697,0.18602278051363624,1.0,6,5,0.8333333333333334,0.11647254575707144,1.0,0.8835274542429286,0.45570205221058036,-1.5417248327242166,0.5365560412006726
Frank Schober,fs,0.9,15,15,86,0.1744186046511628,15,1.0,0.1744186046511628,0.1743945345209739,0.9178259844376324,6,4,0.6666666666666666,0.15267429602826987,0.8864513342978206,0.7337770382695508,0.47800417568662185,-1.5523987102075958,0.5323119135508165
Uwe Köster,ukö,0.8,41,41,41,1.0,41,1.0,1.0,1.0,0.9626430072379173,4,0,0.0,0.8136044552604826,0.9483798296365226,0.13477537437603995,0.8851708433149434,-2.6851708433149435,0.08190112903568261
Julia Wick,jw,0.8,5,5,28,0.17857142857142858,5,1.0,0.17857142857142858,0.1785474795183533,,6,6,,0.0,,,0.3839490270782652,-1.3624965065966186,0.6078204805517909
Jörg Wolf,jw,0.9,23,23,28,0.8214285714285714,23,1.0,0.8214285714285714,0.8214233651126854,1.0,1,0,-0.15000000000000002,1.0,1.0,0.0,1.0,-2.7214233651126856,0.06748646759906901
Thomas Steingen,ts,0.8,6,6,41,0.14634146341463414,6,1.0,0.14634146341463414,0.14631657468503312,1.0,2,1,0.4,0.5058236272878536,1.0,0.4941763727121465,0.6955621647957484,-1.6418787394807817,0.4967330279078436
Thomas Sparrer,ts,0.9,35,35,41,0.8536585365853658,412,0.08495145631067962,0.0725195358749704,0.07249249483983453,1.0,3,2,0.6166666666666667,0.3111480865224625,1.0,0.6888519134775375,0.5756321085031644,-1.5481246033429987,0.534011376107954
Thomas Sparrer,ttr,0.6,2,2,35,0.05714285714285714,412,0.0048543689320388345,0.0002773925104022191,0.00024824522892201277,,3,3,,0.0,,,0.3839490270782652,-0.9841972723071871,0.7582391304442229
Thomas Sparrer,thomas,0.9,51,51,51,1.0,412,0.12378640776699029,0.12378640776699029,0.12376086143641993,,4,4,,0.0,,,0.3839490270782652,-1.407709888514685,0.589842818297304
Thomas Sparrer,tsa,0.8,324,324,324,1.0,412,0.7864077669902912,0.7864077669902912,0.7864015396299306,1.0,7,6,0.8571428571428571,0.09507962918944612,1.0,0.9049203708105539,0.44252292514546127,-2.028924464775392,0.34283661425317086
Alexander Bley,bly,0.4,25,25,25,1.0,25,1.0,1.0,1.0,0.8723327305605786,7,3,0.42857142857142855,0.3037405452358821,0.823588417829179,0.5198478725932969,0.5710686854866086,-1.9710686854866086,0.3658411234360657
Ulrike Witt,uw,0.8,24,24,24,1.0,24,1.0,1.0,1.0,0.9364263979321401,2,0,-0.1,0.867228399174355,0.9121535239663683,0.04492512479201333,0.9182059261349851,-2.718205926134985,0.06876577980292811
Reik Anton,ra,0.8,586,586,586,1.0,586,1.0,1.0,1.0,0.7319495648367929,19,14,0.7368421052631579,-0.16722392937055564,0.6296059156246279,0.7968298449951835,0.280930562693739,-2.080930562693739,0.3221580446817972
Christiane Lösch,chl,0.661,372,372,377,0.986737400530504,372,1.0,0.986737400530504,0.9867370138545231,0.46248173452865204,21,14,0.6666666666666666,-0.4765237741704888,0.25725326409906196,0.7337770382695508,0.09038609238019862,-1.7381231062347218,0.4584645187630336
Ulrich Langer,chl,0.305,5,5,377,0.013262599469496022,5,1.0,0.013262599469496022,0.013233830776515744,0.4699980930991376,19,14,0.7368421052631579,-0.5291904207361617,0.2676394242590217,0.7968298449951835,0.05794075352289067,-0.3761745842994064,1.0
Roland Heinrich,rohe,0.8,171,171,176,0.9715909090909091,171,1.0,0.9715909090909091,0.9715900808133817,1.0,5,4,0.8,0.14642262895174696,1.0,0.853577371048253,0.4741528301017471,-2.245742910915129,0.2566256601089655
Roland Herold,rohe,0.762,5,5,176,0.028409090909090908,5,1.0,0.028409090909090908,0.028380763817657022,,8,8,,0.0,,,0.3839490270782652,-1.1743297908959223,0.6826389860228779
Thomas Haegeler,th,0.8,27,27,27,1.0,596,0.04530201342281879,0.04530201342281879,0.04527417885077362,1.0,4,3,0.75,0.19134775374376034,1.0,0.8086522462562397,0.5018289969384973,-1.3471031757892709,0.6139411486037314
Thomas Haegeler,thl,0.727,328,328,329,0.9969604863221885,596,0.5503355704697986,0.5486628179759695,0.5486496590739016,1.0,9,8,0.8888888888888888,0.06655574043261236,1.0,0.9334442595673876,0.4249507557253025,-1.7006004147992042,0.4733842227287642
Thomas Haegeler,haeg,0.4,38,38,91,0.4175824175824176,596,0.06375838926174497,0.026624382329080317,0.026596003203809292,1.0,2,1,0.4,0.5058236272878536,1.0,0.4941763727121465,0.6955621647957484,-1.1221581679995576,0.7033833713333809
Thomas Haegeler,the,0.747,203,203,203,1.0,596,0.34060402684563756,0.34060402684563756,0.34058480191274876,1.0,9,8,0.8888888888888888,0.06655574043261236,1.0,0.9334442595673876,0.4249507557253025,-1.5125355576380515,0.548162227393586
Mathias Wöbking,mwö,0.8,134,134,134,1.0,134,1.0,1.0,1.0,0.5823873031621257,7,3,0.42857142857142855,-0.09690820220855728,0.4229396703847396,0.5198478725932969,0.3242486348235873,-2.124248634823587,0.3049339920401005
ter Vehn,tv,0.8,40,40,269,0.14869888475836432,40,1.0,0.14869888475836432,0.14867406476025238,0.7874726213271253,10,7,0.7,-0.057399033544160316,0.706328087920066,0.7637271214642263,0.348588296618618,-1.2972623613788705,0.6337587621054701
Jörg ter Vehn,tv,0.6,208,208,269,0.7732342007434945,237,0.8776371308016878,0.6786190453782568,0.6786096753979477,0.8374098797446712,9,2,0.2222222222222222,0.44088916723191096,0.7753317629057879,0.3344425956738769,0.6555592275021374,-1.934168902900085,0.3805131475241255
Jörg ter Vehn,ttr,0.6,28,28,35,0.8,237,0.11814345991561181,0.09451476793248946,0.09448836817645961,,8,8,,0.0,,,0.3839490270782652,-1.0784373952547248,0.720767545057349
Jörg ter Vehn,ter vehn,0.5,1,1,1,1.0,237,0.004219409282700422,0.004219409282700422,0.004190376932173663,1.0,7,6,0.8571428571428571,0.09507962918944612,1.0,0.9049203708105539,0.44252292514546127,-0.9467133020776348,0.7731434381548316
Evelyn ter Vehn,tv,0.6,21,21,269,0.07806691449814127,1160,0.01810344827586207,0.0014132803486732472,0.0013841661844220643,0.8286672752423568,18,14,0.7777777777777778,-0.0703594819188923,0.763251166999577,0.8336106489184693,0.34060399978786243,-0.9419881659722844,0.7750222381340591
Evelyn ter Vehn,lyn,0.3,1139,1139,1139,1.0,1160,0.9818965517241379,0.9818965517241379,0.9818960239114239,0.4946029207722879,22,9,0.4090909090909091,-0.20070601913484215,0.30163855808494305,0.5023445772197852,0.26030388871899746,-1.5421999126304216,0.5363671407969575
Jenifer Hochhaus,joh,0.6,4,4,23,0.17391304347826086,273,0.014652014652014652,0.0025481764612199395,0.0025190953852836503,1.0,4,3,0.75,0.19134775374376034,1.0,0.8086522462562397,0.5018289969384973,-1.104348092323781,0.7104649810613634
Jenifer Hochhaus,jca,0.6,269,269,269,1.0,273,0.9853479853479854,0.9853479853479854,0.9853475581630922,,11,11,,0.0,,,0.3839490270782652,-1.9692965852413573,0.36654574269564577
Johannes Angermann,joh,0.589,1,1,23,0.043478260869565216,262,0.003816793893129771,0.0001659475605708596,0.00013679702987202204,,14,14,,0.0,,,0.3839490270782652,-0.9730858241081373,0.7626572441620317
Johannes Angermann,jas,0.8,261,261,261,1.0,262,0.9961832061068703,0.9961832061068703,0.9961830948268361,0.6643202306686008,12,8,0.6666666666666666,-0.19762183945085432,0.5361551988186964,0.7337770382695508,0.2622039006139836,-2.0583869954408196,0.33112177667642506
Josephine Heinze,joh,0.639,14,14,23,0.6086956521739131,1382,0.010130246020260492,0.006166236707984648,0.006137261117929777,1.0,11,10,0.9090909090909091,0.04840417486008164,1.0,0.9515958251399184,0.4137684660942923,-1.0589057272122222,0.7285336911945961
Josephine Heinze,jhz,0.8,1368,1368,1368,1.0,1382,0.9898697539797395,0.9898697539797395,0.9898694586286791,0.6940800923685573,27,19,0.7037037037037037,-0.18977731149316912,0.5772775969926879,0.767054908485857,0.2670365296944273,-2.0569059883231064,0.33171065201884
Frank Pfeifer,fp,0.9,41,41,60,0.6833333333333333,41,1.0,0.6833333333333333,0.683324100799829,0.6035643564356437,7,4,0.5714285714285714,-0.19600309194073356,0.4522022800583157,0.6482053719990493,0.26320113159250813,-1.8465252323923371,0.4153618635522057
Frank Prenzel,fp,0.9,13,13,60,0.21666666666666667,14,0.9285714285714286,0.2011904761904762,0.2011671866040798,0.39757703978119446,7,3,0.42857142857142855,-0.3522803982897643,0.16756747430353255,0.5198478725932969,0.16692634497059972,-1.2680935315746795,0.6453568188827452
Frank Prenzel,frank,0.6,1,1,34,0.029411764705882353,14,0.07142857142857142,0.0021008403361344537,0.0020717462179483882,1.0,9,8,0.8888888888888888,0.06655574043261236,1.0,0.9334442595673876,0.4249507557253025,-1.0270225019432508,0.741211040933839
Catrin Steinbach,cs,0.9,2,2,27,0.07407407407407407,2,1.0,0.07407407407407407,0.07404707836207296,1.0,2,1,0.4,0.5058236272878536,1.0,0.4941763727121465,0.6955621647957484,-1.6696092431578213,0.48570687573555
Christoph Springer,cs,0.9,23,23,27,0.8518518518518519,24,0.9583333333333334,0.8163580246913581,0.8163526705418112,1.0,3,2,0.6166666666666667,0.3111480865224625,1.0,0.6888519134775375,0.5756321085031644,-2.2919847790449754,0.23823905304733523
Christoph Springer,ps,0.383,1,1,96,0.010416666666666666,24,0.041666666666666664,0.00043402777777777775,0.0004048850630565841,1.0,11,10,0.9090909090909091,0.04840417486008164,1.0,0.9515958251399184,0.4137684660942923,-0.7971733511573489,0.8326032400353724
Christian Kunze,cs,0.6,2,2,27,0.07407407407407407,2,1.0,0.07407407407407407,0.07404707836207296,,3,3,,0.0,,,0.3839490270782652,-1.0579961054403382,0.7288953733404682
Frank Döring,fd,0.8,113,113,113,1.0,145,0.7793103448275862,0.7793103448275862,0.7793039105392637,0.6957169819672988,6,2,0.3333333333333333,0.14526325688839087,0.5795394632111862,0.43427620632279534,0.4734385978141383,-2.052742508353402,0.3333661273122898
Frank Döring,döring,0.4,28,28,28,1.0,145,0.19310344827586207,0.19310344827586207,0.19307992290918305,0.6784898289790378,6,2,0.3333333333333333,0.12145864879813978,0.5557348551209351,0.43427620632279534,0.45877374584011854,-1.0518536687493016,0.7313377177873209
Frank Döring,frank,0.6,4,4,34,0.11764705882352941,145,0.027586206896551724,0.0032454361054766734,0.0032163753584025746,0.6784898289790378,8,4,0.5,-0.02829176717523796,0.5557348551209351,0.5840266222961731,0.3665198563842847,-0.9697362317426873,0.7639891029543112
Nora Ernst,noe,0.659,110,110,130,0.8461538461538461,110,1.0,0.8461538461538461,0.8461493607124675,0.9423650975889782,6,4,0.6666666666666666,0.18658262503934697,0.9203596633088977,0.7337770382695508,0.49889343476404613,-2.0040427954765136,0.3527300181085532
Ines Christ,ic,0.8,407,407,407,1.0,407,1.0,1.0,1.0,0.9861609431060994,19,17,0.8947368421052632,0.04217842815698736,0.9808770882848445,0.9386986601278572,0.4099330887806868,-2.2099330887806867,0.270864296114847
Kathrin Haase,kh,0.8,37,37,37,1.0,37,1.0,1.0,1.0,0.9697487191998048,2,0,-0.1,0.9132734304673793,0.9581985552593927,0.04492512479201333,0.9465720124612645,-2.7465720124612645,0.05748690841968158
Ilka Fischer,if,0.8,38,38,38,1.0,94,0.40425531914893614,0.40425531914893614,0.4042379499929593,0.9012179475024807,3,0,-0.04999999999999999,0.7736519757891157,0.8635022253731424,0.08985024958402665,0.8605580794659723,-2.0647960294589316,0.3285734282878013
Ilka Fischer,ie,0.473,15,15,86,0.1744186046511628,94,0.1595744680851064,0.027832756061355768,0.02780441216666675,0.6197215835563429,8,5,0.625,-0.22181097764678182,0.47452845662942456,0.6963394342762064,0.24730215849424414,-0.7481065706609109,0.8521130835874102
Ilka Fischer,isc,0.515,41,41,41,1.0,94,0.43617021276595747,0.43617021276595747,0.4361537741004794,,7,7,,0.0,,,0.3839490270782652,-1.3351028011787447,0.6187127156160445
Thomas Lieb,thl,0.9,1,1,329,0.00303951367781155,1,1.0,0.00303951367781155,0.003010446926993095,0.6623603518757379,10,3,0.3,0.12912090060208198,0.5334470237302018,0.40432612312811983,0.46349408351870847,-1.3665045304457017,0.6062268174368017
Silke Hoffmann,kfm,0.3,2,2,37,0.05405405405405406,2,1.0,0.05405405405405406,0.05402647465098266,,4,4,,0.0,,,0.3839490270782652,-0.7379755017292479,0.8561413806933514
Peter Korfmacher,kfm,0.4,35,35,37,0.9459459459459459,263,0.13307984790874525,0.12588634261638063,0.12586085751018558,0.7576389585958964,3,0,-0.04999999999999999,0.5752534613482941,0.6651037109323208,0.08985024958402665,0.7383344816184774,-1.264195339128663,0.6469068110360523
Peter Korfmacher,pm,0.513,228,228,425,0.5364705882352941,263,0.8669201520912547,0.4650771639454261,0.4650615680727752,,28,28,,0.0,,,0.3839490270782652,-1.3620105951510404,0.6080136877723883
Saskia Grätz,ski,0.6,3,3,24,0.125,97,0.030927835051546393,0.003865979381443299,0.0038369367265373676,,2,2,,0.0,,,0.3839490270782652,-0.9877859638048025,0.7568122014921573
Saskia Grätz,saskia,0.6,35,35,35,1.0,97,0.36082474226804123,0.36082474226804123,0.3608061068775712,1.0,1,0,-0.15000000000000002,1.0,1.0,0.0,1.0,-1.9608061068775713,0.3699217111794849
Saskia Grätz,grätz,0.4,34,34,34,1.0,97,0.35051546391752575,0.35051546391752575,0.3504965279562417,1.0,1,0,-0.15000000000000002,1.0,1.0,0.0,1.0,-1.7504965279562417,0.45354462144049046
Saskia Grätz,sag,0.605,25,25,25,1.0,97,0.25773195876288657,0.25773195876288657,0.2577103176642762,,4,4,,0.0,,,0.3839490270782652,-1.2466593447425414,0.6538794410627459
Axel Kaminski,ski,0.5,20,20,24,0.8333333333333334,20,1.0,0.8333333333333334,0.8333284741051732,,2,2,,0.0,,,0.3839490270782652,-1.7172775011834385,0.4667531101314368
Sebastian Kositz,ski,0.503,1,1,24,0.041666666666666664,2,0.5,0.020833333333333332,0.020804785367892164,,1,1,,0.0,,,0.3839490270782652,-0.9077538124461574,0.7886344391923368
Sebastian Kositz,sk,0.8,1,1,67,0.014925373134328358,2,0.5,0.007462686567164179,0.0074337487755832925,,6,6,,0.0,,,0.3839490270782652,-1.1913827758538487,0.6758584093219355
Michael Graul,haeg,0.412,3,3,91,0.03296703296703297,3,1.0,0.03296703296703297,0.032938838764081484,,3,3,,0.0,,,0.3839490270782652,-0.8288878658423466,0.819992972690075
Hanna Gerwig,haeg,0.6,50,50,91,0.5494505494505495,156,0.32051282051282054,0.1761059453367146,0.17608192440156595,,5,5,,0.0,,,0.3839490270782652,-1.160030951479831,0.688324464408889
Hanna Gerwig,hgw,0.8,105,105,105,1.0,156,0.6730769230769231,0.6730769230769231,0.6730673915139935,0.9439930100480559,10,6,0.6,0.24873225296886003,0.9226091248490598,0.6738768718801997,0.5371807735167465,-2.01024816503074,0.35026265041169924
Hanna Gerwig,nag,0.404,1,1,21,0.047619047619047616,156,0.00641025641025641,0.0003052503052503052,0.0002761038359743861,,8,8,,0.0,,,0.3839490270782652,-0.7882251309142396,0.8361612150083771
Regina Katzer,rk,0.8,26,26,30,0.8666666666666667,26,1.0,0.8666666666666667,0.8666627792841385,0.7260563684233243,10,7,0.7,-0.14226446846210394,0.6214626530021223,0.7637271214642263,0.29630686286999264,-1.962969642154131,0.3690614502384179
Rainer Küster,rk,0.9,4,4,30,0.13333333333333333,4,1.0,0.13333333333333333,0.1333080653469003,0.7710280373831775,7,3,0.42857142857142855,0.16375696696067754,0.6836048395539744,0.5198478725932969,0.484831665897103,-1.5181397312440033,0.5459339061305165
Roger Dietze,red,0.884,146,146,151,0.9668874172185431,202,0.7227722772277227,0.6988394203658777,0.6988306399180618,,15,15,,0.0,,,0.3839490270782652,-1.966779666996327,0.3675465151265449
Roger Dietze,roger,0.6,56,56,56,1.0,202,0.27722772277227725,0.27722772277227725,0.2772066500798598,1.0,5,4,0.8,0.14642262895174696,1.0,0.853577371048253,0.4741528301017471,-1.351359480181607,0.612248764633066
Reinhard Rädler,red,0.7,5,5,151,0.033112582781456956,5,1.0,0.033112582781456956,0.03308439282206402,,11,11,,0.0,,,0.3839490270782652,-1.1170334199003293,0.7054210643030023
Mario Beck,mabe,0.52,19,19,20,0.95,87,0.21839080459770116,0.2074712643678161,0.2074481579001164,1.0,5,4,0.8,0.14642262895174696,1.0,0.853577371048253,0.4741528301017471,-1.2016009880018634,0.6717954624896327
Mario Beck,beck,0.302,31,31,36,0.8611111111111112,87,0.3563218390804598,0.30683269476372926,0.3068124852151933,0.9130951202613085,5,2,0.4,0.3857378182908801,0.8799141910030266,0.4941763727121465,0.6215831853290692,-1.2303956705442625,0.6603461734625367
Mario Beck,mario,0.6,37,37,37,1.0,87,0.42528735632183906,0.42528735632183906,0.425270600362666,0.9090705487122062,5,2,0.4,0.38017663539996155,0.874353008112108,0.4941763727121465,0.6181572131985231,-1.643427813561189,0.49611708790416925
Michael Frömmert,maf,0.9,667,667,999,0.6676676676676677,694,0.9610951008645533,0.6416921244010582,0.6416816778027433,0.7439130434782608,26,22,0.8461538461538461,-0.24890957764524657,0.6461371393648648,0.8950467170101114,0.23060803960037302,-1.7722897174031162,0.444879253297184
Michael Frömmert,mf,0.8,27,27,28,0.9642857142857143,694,0.03890489913544669,0.03751543845203788,0.037487376859526494,0.9470198675496689,4,2,0.5,0.3427650367545644,0.9267916590507375,0.5840266222961731,0.5951097614544688,-1.4325971383139955,0.5799471955335427
Manfred Hainich,maf,0.6,325,325,999,0.3253253253253253,326,0.9969325153374233,0.3243273948795421,0.32430769539544285,1.0,26,25,0.9615384615384616,0.0012799180852425263,1.0,0.9987200819147575,0.38473752185993904,-1.309045217255382,0.6290736844944858
Manfred Hainich,mf,0.573,1,1,28,0.03571428571428571,326,0.003067484662576687,0.00010955302366345311,8.040084876108462e-05,,3,3,,0.0,,,0.3839490270782652,-0.9570294279270263,0.7690415590556033
Thomas Fritz,maf,0.6,7,7,999,0.007007007007007007,7,1.0,0.007007007007007007,0.006978055929920416,0.878942541568643,26,24,0.9230769230769231,-0.13144038978638295,0.832721903826826,0.9641622936132089,0.30297504706915196,-0.9099531029990724,0.7877599613036569
Robert Berlin,rob,0.703,228,228,230,0.991304347826087,228,1.0,0.991304347826087,0.9913040943011395,0.64557809217498,11,5,0.45454545454545453,-0.03292842726538936,0.5102571724925897,0.5431855997579791,0.3636634374246395,-2.057967531725779,0.3312885630718926
Robert Büssow,rob,0.63,2,2,230,0.008695652173913044,2,1.0,0.008695652173913044,0.008666750329899338,1.0,11,10,0.9090909090909091,0.04840417486008164,1.0,0.9515958251399184,0.4137684660942923,-1.0524352164241917,0.7311064838640766
Benjamin Winkler,bw,0.8,68,68,68,1.0,68,1.0,1.0,1.0,0.8986700443318556,8,6,0.75,0.05132926757100942,0.8599815138272491,0.8086522462562397,0.41557047230474564,-2.2155704723047456,0.26862276998485757
Annett Böhm,abö,0.635,1,1,32,0.03125,1,1.0,0.03125,0.031221755736318843,0.8015978695073235,3,1,0.2833333333333333,0.33649537935179713,0.7258464608825792,0.3893510815307821,0.5912473329116081,-1.257469088647927,0.6495812904545767
Tatjana Böhme-Mehner,abö,0.6,1,1,32,0.03125,1,1.0,0.03125,0.031221755736318843,,4,4,,0.0,,,0.3839490270782652,-1.015170782814584,0.7459234998252426
André Böhmer,abö,0.8,30,30,32,0.9375,30,1.0,0.9375,0.9374981777894399,0.6651682547722308,3,0,-0.04999999999999999,0.4474767552464789,0.5373270048305056,0.08985024958402665,0.6596175175077195,-2.3971156952971593,0.1964370903383412
Dominik Brüggemann,dbr,0.8,97,97,101,0.9603960396039604,97,1.0,0.9603960396039604,0.9603948849358827,0.6372549019607843,6,3,0.5,-0.08527049592795183,0.49875612636822125,0.5840266222961731,0.3314180551003317,-2.091812940036214,0.3178310136991685
Ingrid Hildebrandt,dbr,0.3,4,4,101,0.039603960396039604,4,1.0,0.039603960396039604,0.039575959695156086,,11,11,,0.0,,,0.3839490270782652,-0.7235249867734213,0.8618871680301633
Anne Grimm,agri,0.56,683,683,810,0.8432098765432099,683,1.0,0.8432098765432099,0.843205305269311,0.2763101613373659,21,10,0.47619047619047616,-0.5626337057285477,0.0,0.5626337057285477,0.03733798526563248,-1.4405432905349436,0.5767876610154254
Sabine Kreuz,sk,0.8,66,66,67,0.9850746268656716,144,0.4583333333333333,0.4514925373134328,0.45147654537598025,0.7048991204932847,6,2,0.3333333333333333,0.15795120417663028,0.5922274104994256,0.43427620632279534,0.4812550200854379,-1.7327315654614184,0.46060829334794284
Sabine Kreuz,kreuz,0.4,33,33,33,1.0,144,0.22916666666666666,0.22916666666666666,0.22914419273642575,0.6858657794874461,4,0,0.0,0.4311516240006841,0.565926998376724,0.13477537437603995,0.6495604045206725,-1.2787045972570983,0.6411376663463482
Sabine Kreuz,sabine,0.6,32,32,32,1.0,144,0.2222222222222222,0.2222222222222222,0.22219954582414128,0.6864343807575248,4,0,0.0,0.43193732146346664,0.5667126958395066,0.13477537437603995,0.6500444342070419,-1.472243980031183,0.5641828908164054
Anne Kunze,aku,0.8,233,233,233,1.0,233,1.0,1.0,1.0,0.736727656798484,15,8,0.5333333333333333,0.02223161313355182,0.6362083186244004,0.6139767054908486,0.39764483397880945,-2.1976448339788095,0.2757503295225129
Christine Jacob,cj,0.8,342,342,342,1.0,342,1.0,1.0,1.0,1.0,3,2,0.6166666666666667,0.3111480865224625,1.0,0.6888519134775375,0.5756321085031644,-2.375632108503164,0.20497935484085728
Peggy Hamfler,pm,0.6,8,8,425,0.018823529411764704,8,1.0,0.018823529411764704,0.018794922849748662,,26,26,,0.0,,,0.3839490270782652,-1.0027439499280137,0.7508646343975812
Pia Siemer,pm,0.6,3,3,425,0.007058823529411765,13,0.23076923076923078,0.0016289592760180998,0.0015998513999656207,0.6991037131882202,26,24,0.9230769230769231,-0.37994302001919356,0.5842192735940154,0.9641622936132089,0.14988475994061892,-0.7514846113405845,0.8507699132284413
Pia Siemer,ps,0.9,10,10,96,0.10416666666666667,13,0.7692307692307693,0.08012820512820513,0.08010138592662865,0.8583529411764705,10,7,0.7,0.04054391944842395,0.8042710409126502,0.7637271214642263,0.40892614810052724,-1.3890275340271558,0.5972712619316253
Petra Mewes,pm,0.8,186,186,425,0.4376470588235294,186,1.0,0.4376470588235294,0.437630663216043,1.0,27,26,0.9629629629629629,0.0,1.0,1.0,0.3839490270782652,-1.6215796902943083,0.504804298732551
Ekkehard Schulreich,es,0.8,798,798,798,1.0,1128,0.7074468085106383,0.7074468085106383,0.7074382790143997,0.7747586506128648,8,3,0.375,0.21704601833728276,0.6887598286534226,0.4717138103161398,0.5176604378437369,-2.0250987168581367,0.34435780114540243
Ekkehard Schulreich,hs,0.6,5,5,127,0.03937007874015748,1128,0.004432624113475178,0.0001745127603730385,0.0001453624793957614,0.4318134061777684,7,3,0.42857142857142855,-0.3049723326413062,0.21487553995199069,0.5198478725932969,0.19607052484037765,-0.7962158873197734,0.832983945055935
Ekkehard Schulreich,dei,0.3,325,325,325,1.0,1128,0.28812056737588654,0.28812056737588654,0.2880998122683725,1.0,10,9,0.9,0.056572379367720416,1.0,0.9434276206322796,0.41880049642824685,-1.0069003086966193,0.7492119906230927
Inge Engelhardt,ie,0.8,71,71,86,0.8255813953488372,71,1.0,0.8255813953488372,0.8255763101100649,0.7058148117772493,8,6,0.75,-0.21515952673208505,0.5934927195241546,0.8086522462562397,0.25139979130158424,-1.8769761014116493,0.40325404468617065
Alexander Prautzsch,allner,0.45,57,57,73,0.7808219178082192,60,0.95,0.7417808219178081,0.7417732934423983,,3,3,,0.0,,,0.3839490270782652,-1.5757223205206636,0.5230380222607678
Alexander Prautzsch,ap,0.9,3,3,297,0.010101010101010102,60,0.05,0.0005050505050505052,0.0004759098610231298,1.0,3,2,0.6166666666666667,0.3111480865224625,1.0,0.6888519134775375,0.5756321085031644,-1.4761080183641875,0.5626464789590702
Jürgen Kleindienst,jkl,0.8,81,81,81,1.0,81,1.0,1.0,1.0,0.8101824091456752,3,1,0.2833333333333333,0.3483575600537064,0.7377086415844885,0.3893510815307821,0.5985550408739927,-2.3985550408739926,0.19586478038164096
Simone Prenzel,sie,0.466,20,20,20,1.0,219,0.091324200913242,0.091324200913242,0.09129770813505352,,7,7,,0.0,,,0.3839490270782652,-0.9412467352133188,0.7753170444768788
Simone Prenzel,sp,0.8,199,199,199,1.0,219,0.908675799086758,0.908675799086758,0.9086731364959852,0.9482775643364597,6,2,0.3333333333333333,0.49425334749943,0.9285295538222254,0.43427620632279534,0.6884342826751133,-2.397107419171099,0.1964403810764541
Olaf Büchel,obü,0.8,254,254,254,1.0,254,1.0,1.0,1.0,1.0,1,0,-0.15000000000000002,1.0,1.0,0.0,1.0,-2.8,0.036242969697094646
Steffi Robak,sro,0.533,81,81,81,1.0,168,0.48214285714285715,0.48214285714285715,0.482127758826788,1.0,1,0,-0.15000000000000002,1.0,1.0,0.0,1.0,-2.0151277588267877,0.3483224352478921
Steffi Robak,ttr,0.6,4,4,35,0.11428571428571428,168,0.023809523809523808,0.0027210884353741495,0.0026920124007502647,,2,2,,0.0,,,0.3839490270782652,-0.9866410394790154,0.757267444209308
Steffi Robak,iro,0.5,83,83,83,1.0,168,0.49404761904761907,0.49404761904761907,0.49403286781927563,,8,8,,0.0,,,0.3839490270782652,-1.3779818948975409,0.6016632087675645
Björn Meine,bm,0.8,200,200,200,1.0,200,1.0,1.0,1.0,0.813724209051334,12,7,0.5833333333333334,0.08370089674602621,0.7426027270288882,0.658901830282862,0.4355130459530763,-2.235513045953076,0.26069324031188124
Dirk Wurzel,diw,0.9,112,112,113,0.9911504424778761,112,1.0,0.9911504424778761,0.9911501844657614,1.0,1,0,-0.15000000000000002,1.0,1.0,0.0,1.0,-2.8911501844657614,0.0
Alexander Laboda,ala,0.546,208,208,239,0.8702928870292888,208,1.0,0.8702928870292888,0.8702891053705532,0.8858286033311622,11,7,0.6363636363636364,0.135687425260263,0.8422371151710178,0.7065496899107548,0.4675393974230954,-1.8838285027936488,0.40052940537692794
Uwe Hofmann,uh,0.9,14,14,25,0.56,14,1.0,0.56,0.5599871716376571,,1,1,,0.0,,,0.3839490270782652,-1.8439361987159222,0.4163913103890831
Ulrich Milde,uh,0.322,10,10,25,0.4,10,1.0,0.4,0.39998250677862335,,7,7,,0.0,,,0.3839490270782652,-1.1059315338568885,0.7098353759339805
Ulf Heise,uh,0.9,1,1,25,0.04,1,1.0,0.04,0.03997201084579726,,2,2,,0.0,,,0.3839490270782652,-1.3239210379240625,0.6231587878777167
André Neumann,an,0.8,113,113,113,1.0,113,1.0,1.0,1.0,1.0,3,2,0.6166666666666667,0.3111480865224625,1.0,0.6888519134775375,0.5756321085031644,-2.375632108503164,0.20497935484085728
Clemens Haug,chg,0.8,675,675,1274,0.5298273155416012,675,1.0,0.5298273155416012,0.5298136074835104,0.9466608329024304,23,21,0.9130434782608695,-0.02885167609849848,0.9262955423056106,0.9551472184041091,0.3661749239473625,-1.695988531430873,0.4752179913617586
Thomas Lang,lang,0.4,26,26,40,0.65,52,0.5,0.325,0.32498032012595124,0.9877675840978591,2,0,-0.1,0.9381720319612914,0.9830971567533047,0.04492512479201333,0.9619108201359795,-1.6868911402619307,0.47883527940556325
Thomas Lang,thlang,0.8,26,26,26,1.0,52,0.5,0.5,0.49998542231551946,1.0,2,1,0.4,0.5058236272878536,1.0,0.4941763727121465,0.6955621647957484,-1.9955475871112678,0.3561078673269249
Juliane Lange,lang,0.4,14,14,40,0.35,14,1.0,0.35,0.34998104901017524,,2,2,,0.0,,,0.3839490270782652,-1.1339300760884403,0.6987026467616976
Florian Theis,flo,0.6,3,3,50,0.06,3,1.0,0.06,0.05997259395317648,0.8878990348923533,5,3,0.6,0.1712211810165949,0.8450980528967946,0.6738768718801997,0.489430002228347,-1.1494025961815235,0.6925504916107451
Florian Reinke,flo,0.6,47,47,50,0.94,86,0.5465116279069767,0.513720930232558,0.5137067525868608,0.9177309177309175,6,3,0.5,0.3022933481194484,0.8863199704156215,0.5840266222961731,0.57017713829502,-1.683883890881881,0.48003101640589474
Florian Reinke,fr,0.8,39,39,39,1.0,86,0.45348837209302323,0.45348837209302323,0.45347243834487005,1.0,4,3,0.75,0.19134775374376034,1.0,0.8086522462562397,0.5018289969384973,-1.7553014352833674,0.4516341029739066
Frank Hörügel,frank,0.6,28,28,34,0.8235294117647058,28,1.0,0.8235294117647058,0.823524266699595,0.8057700530724149,6,4,0.6666666666666666,-0.0021654231148022784,0.7316116151547485,0.7337770382695508,0.3826150160616041,-1.806139282761199,0.43142005100677455
Kerstin Decker,rieck,0.3,29,29,29,1.0,29,1.0,1.0,1.0,,7,7,,0.0,,,0.3839490270782652,-1.683949027078265,0.4800051170705772
Dieter Taszarek,dietze,0.8,56,56,56,1.0,56,1.0,1.0,1.0,,2,2,,0.0,,,0.3839490270782652,-2.183949027078265,0.2811960312222186
André Pitz,ap,0.9,294,294,297,0.98989898989899,294,1.0,0.98989898989899,0.9898986954003136,0.9246943184481102,5,3,0.6,0.22206517742222887,0.8959420493024286,0.6738768718801997,0.5207524956812669,-2.4106511910815804,0.19105513125153104
Andreas Weidlich,swd,0.5,2,2,459,0.004357298474945534,2,1.0,0.004357298474945534,0.004328270144629051,,10,10,,0.0,,,0.3839490270782652,-0.8882772972228943,0.796378655566434
Susanne Weidner,swd,0.53,457,457,459,0.9956427015250545,457,1.0,0.9956427015250545,0.9956425744864098,,9,9,,0.0,,,0.3839490270782652,-1.9095916015646752,0.39028552914635045
Julia Vollmer,jv,0.8,45,45,45,1.0,45,1.0,1.0,1.0,0.7502778806965543,3,0,-0.04999999999999999,0.5650818691742971,0.6549321187583238,0.08985024958402665,0.7320682623635235,-2.5320682623635236,0.14277749735563483
Peter Krischunas,ps,0.433,3,3,96,0.03125,3,1.0,0.03125,0.031221755736318843,,11,11,,0.0,,,0.3839490270782652,-0.848170782814584,0.8123257344985944
Pauline Szyltowski,ps,0.9,82,82,96,0.8541666666666666,112,0.7321428571428571,0.6253720238095237,0.6253611013926547,0.7620437956204381,12,7,0.5833333333333334,0.012288517201772264,0.6711903474846342,0.658901830282862,0.39151938005618253,-1.9168804814488372,0.387387338053093
Pauline Szyltowski,psz,0.8,30,30,30,1.0,112,0.26785714285714285,0.26785714285714285,0.2678357969620106,0.681383370125092,7,5,0.7142857142857143,-0.2168296996135628,0.5597331717912388,0.7765628714048016,0.25037087967300237,-1.3182066766350131,0.625430921765883
Marc Bohländer,boh,0.4,735,735,760,0.9671052631578947,735,1.0,0.9671052631578947,0.9671043040997052,1.0,16,15,0.9375,0.022878535773710573,1.0,0.9771214642262894,0.39804337130068435,-1.7651476754003896,0.4477190589804893
Elena Boshkovska,boh,0.4,25,25,760,0.03289473684210526,25,1.0,0.03289473684210526,0.03286654053133358,0.8541961240954837,17,15,0.8823529411764706,-0.12904457407262526,0.7985271201624731,0.9275716942350983,0.30445099167055356,-0.7373175322018871,0.8564030013338529
Steffen Georgi,sg,0.9,71,71,71,1.0,71,1.0,1.0,1.0,,11,11,,0.0,,,0.3839490270782652,-2.283949027078265,0.24143421405254686
Melanie Steitz,ms,0.9,1,1,26,0.038461538461538464,37,0.02702702702702703,0.0010395010395010396,0.0010103759775761875,1.0,5,4,0.8,0.14642262895174696,1.0,0.853577371048253,0.4741528301017471,-1.3751632060793233,0.6027839706620461
Melanie Steitz,mes,0.715,36,36,36,1.0,37,0.972972972972973,0.972972972972973,0.9729721849900281,0.919909938887102,3,1,0.2833333333333333,0.49997987652038683,0.8893309580511689,0.3893510815307821,0.6919621164499383,-2.3799343014399663,0.20326872475103946
Mathias Schönknecht,ms,0.9,24,24,26,0.9230769230769231,222,0.10810810810810811,0.0997920997920998,0.09976585389862745,0.947906026557712,6,4,0.6666666666666666,0.1942391218874624,0.9280161601570132,0.7337770382695508,0.5036102270964998,-1.5033760809951273,0.5518042017500443
Mathias Schönknecht,mhs,0.715,198,198,198,1.0,222,0.8918918918918919,0.8918918918918919,0.8918887399601123,1.0,7,6,0.8571428571428571,0.09507962918944612,1.0,0.9049203708105539,0.44252292514546127,-2.0494116651055734,0.3346905311146997
Katharina Stork,ks,0.9,79,79,127,0.6220472440944882,150,0.5266666666666666,0.32761154855643043,0.3275919448230434,0.8131966116807847,8,5,0.625,0.045534254783149986,0.7418736890593564,0.6963394342762064,0.41200044903869093,-1.6395923938617343,0.497642120472756
Katharina Stork,kasto,0.8,71,71,71,1.0,150,0.47333333333333333,0.47333333333333333,0.47331797817234716,0.8113234054509694,9,7,0.7777777777777778,-0.09432537015554165,0.7392852787629276,0.8336106489184693,0.325839791022741,-1.5991577691950882,0.5137196620059509
Lucas Grothe,luc,0.6,67,67,933,0.07181136120042872,67,1.0,0.07181136120042872,0.07178429951819892,0.8172852076520178,27,23,0.8518518518518519,-0.152643047978258,0.7475233413728237,0.9001663893510817,0.2899131288615204,-0.9616974283797193,0.767185477250124
Claudia Carell,luc,0.6,866,866,933,0.9281886387995713,901,0.9611542730299667,0.8921324763600762,0.8921293314426255,0.6444438025361796,29,27,0.9310344827586207,-0.4626223782122334,0.5086898026357786,0.971312180848012,0.09895006088525213,-1.5910793923278777,0.5169317714461682
Claudia Carell,cc,0.8,35,35,35,1.0,901,0.038845726970033294,0.038845726970033294,0.03881770416257448,0.9779112159553935,4,2,0.5,0.3854509316716619,0.969477553967835,0.5840266222961731,0.6214064485481816,-1.4602241527107562,0.5689621925796637
Friederike Ostwald,fsw,0.6,82,82,82,1.0,82,1.0,1.0,1.0,,5,5,,0.0,,,0.3839490270782652,-1.9839490270782651,0.36071966556156204
Julia Tonne,jto,0.8,42,42,42,1.0,42,1.0,1.0,1.0,1.0,5,4,0.8,0.14642262895174696,1.0,0.853577371048253,0.4741528301017471,-2.2741528301017473,0.24532935998393082
Sebastian Fink,bfi,0.5,66,66,145,0.45517241379310347,66,1.0,0.45517241379310347,0.4551565291438074,0.8845250083920778,5,3,0.6,0.16655892611121903,0.8404357979914188,0.6738768718801997,0.486557815557881,-1.4417143447016885,0.5763220285986865
Bastian Fischer,bfi,0.5,79,79,145,0.5448275862068965,79,1.0,0.5448275862068965,0.5448143154872315,0.9454464096776469,4,0,0.0,0.7898420688878214,0.9246174432638613,0.13477537437603995,0.8705320020711235,-1.9153463175583552,0.3879973494943096
Nathalie Helene Rippich,nhr,0.8,28,28,28,1.0,28,1.0,1.0,1.0,1.0,4,3,0.75,0.19134775374376034,1.0,0.8086522462562397,0.5018289969384973,-2.3018289969384975,0.23432481312672887
Gina Apitz,gap,0.8,451,451,451,1.0,451,1.0,1.0,1.0,0.8638166593212869,17,15,0.8823529411764706,-0.11575084696491611,0.8118208472701822,0.9275716942350983,0.3126406051890138,-2.112640605189014,0.30954955556040087
Andrea Schrader,as,0.9,42,42,44,0.9545454545454546,42,1.0,0.9545454545454546,0.9545441293014109,,3,3,,0.0,,,0.3839490270782652,-2.238493156379676,0.2595082942526023
Andrea Schulze,as,0.9,2,2,44,0.045454545454545456,2,1.0,0.045454545454545456,0.045426715329627956,1.0,3,2,0.6166666666666667,0.3111480865224625,1.0,0.6888519134775375,0.5756321085031644,-1.5210588238327922,0.5447732218723488
Olaf Krenz,okz,0.5,362,362,362,1.0,362,1.0,1.0,1.0,0.9500935846287366,4,2,0.5,0.34701232186878916,0.9310389441649622,0.5840266222961731,0.597726305581363,-2.097726305581363,0.31547975210253204
Heiko Stets,hs,0.8,107,107,127,0.84251968503937,107,1.0,0.84251968503937,0.8425150936426832,1.0,6,5,0.8333333333333334,0.11647254575707144,1.0,0.8835274542429286,0.45570205221058036,-2.0982171458532637,0.3152845850910238
Hannah Suppa,hs,0.9,15,15,127,0.11811023622047244,15,1.0,0.11811023622047244,0.11808452439902635,,8,8,,0.0,,,0.3839490270782652,-1.4020335514772915,0.5920998330520468
Nadine Marquardt,nqq,0.6,114,114,114,1.0,114,1.0,1.0,1.0,,7,7,,0.0,,,0.3839490270782652,-1.9839490270782651,0.36071966556156204
Stephanie Helm,she,0.593,22,22,22,1.0,72,0.3055555555555556,0.3055555555555556,0.30553530877155477,1.0,3,2,0.6166666666666667,0.3111480865224625,1.0,0.6888519134775375,0.5756321085031644,-1.4741674172747192,0.5634180972162572
Stephanie Helm,hem,0.4,50,50,50,1.0,72,0.6944444444444444,0.6944444444444444,0.694435535859484,0.6177774698628239,7,4,0.5714285714285714,-0.17636330612662593,0.47184206587242333,0.6482053719990493,0.2753002407512636,-1.3697357766107476,0.6049420152443541
Anton Zirk,anzi,0.8,368,368,368,1.0,368,1.0,1.0,1.0,0.9316056770536012,9,4,0.4444444444444444,0.37138239904061787,0.9054922160123317,0.5341098169717138,0.6127395153332458,-2.4127395153332456,0.19022477558067402
Christian Neffe,cn,0.8,493,493,493,1.0,493,1.0,1.0,1.0,0.6913727874349929,10,3,0.3,0.1692104997774267,0.5735366229055465,0.40432612312811983,0.48819132009472194,-2.2881913200947217,0.23974740125954166
Sophie Aschenbrenner,soa,0.669,93,93,93,1.0,106,0.8773584905660378,0.8773584905660378,0.8773549149075802,0.9511286434363357,8,6,0.75,0.12381694986515723,0.9324691961213969,0.8086522462562397,0.460226579506897,-2.006581494414477,0.35172058527835176
Sophie Aschenbrenner,pb,0.3,13,13,21,0.6190476190476191,106,0.12264150943396226,0.07592093441150045,0.0758939925453939,1.0,5,4,0.8,0.14642262895174696,1.0,0.853577371048253,0.4741528301017471,-0.8500468226471409,0.8115797869703428
Stephanie Jankowski,thiko,0.3,28,28,28,1.0,28,1.0,1.0,1.0,,9,9,,0.0,,,0.3839490270782652,-1.683949027078265,0.4800051170705772
Thomas Bothe,thth,0.301,81,81,207,0.391304347826087,81,1.0,0.391304347826087,0.3912866010797628,,5,5,,0.0,,,0.3839490270782652,-1.076235628158028,0.7216430076648396
Linda Polenz,lin,0.438,37,37,50,0.74,37,1.0,0.74,0.73999241960407,0.7267470675698001,9,6,0.6666666666666666,-0.11135997205119175,0.622417066218359,0.7337770382695508,0.3153456079515914,-1.4933380275556614,0.5557955142060387
Patricia Liebling,pb,0.6,8,8,21,0.38095238095238093,8,1.0,0.38095238095238093,0.38093433239064306,1.0,4,3,0.75,0.19134775374376034,1.0,0.8086522462562397,0.5018289969384973,-1.4827633293291405,0.5600002063811125
Lotta-Clara Löwener,lcl,0.8,279,279,279,1.0,279,1.0,1.0,1.0,0.8144630509039407,6,2,0.3333333333333333,0.30934745787162227,0.7436236641944176,0.43427620632279534,0.5745228294709435,-2.3745228294709433,0.20542042434155044
Anna Flora Schade,afs,0.8,25,25,25,1.0,25,1.0,1.0,1.0,,8,8,,0.0,,,0.3839490270782652,-2.183949027078265,0.2811960312222186
Manuela Engelmann-Bunk,ebu,0.3,222,222,271,0.8191881918819188,296,0.75,0.6143911439114391,0.6143799013429652,,6,6,,0.0,,,0.3839490270782652,-1.2983289284212303,0.6333346756680951
Manuela Engelmann-Bunk,almu,0.3,74,74,74,1.0,296,0.25,0.25,0.2499781334732791,,5,5,,0.0,,,0.3839490270782652,-0.9339271605515443,0.7782274403714912
René Beuckert,ebu,0.303,49,49,271,0.18081180811808117,49,1.0,0.18081180811808117,0.18078792438409821,,9,9,,0.0,,,0.3839490270782652,-0.8677369514623634,0.8045458702937547
Vanessa Gregor,nag,0.444,20,20,21,0.9523809523809523,117,0.17094017094017094,0.1628001628001628,0.16277575393001498,1.0,9,8,0.8888888888888888,0.06655574043261236,1.0,0.9334442595673876,0.4249507557253025,-1.0317265096553174,0.7393406419877199
Vanessa Gregor,vag,0.9,97,97,97,1.0,117,0.8290598290598291,0.8290598290598291,0.8290548452360751,0.6429535176810734,10,5,0.5,-0.07739610635407013,0.506630515942103,0.5840266222961731,0.3362690804584863,-2.0653239256945612,0.32836352715174466
Ulrich Steinmetzger,lmg,0.3,76,76,76,1.0,76,1.0,1.0,1.0,,7,7,,0.0,,,0.3839490270782652,-1.683949027078265,0.4800051170705772
Lilly Günthner,lg,0.9,70,70,70,1.0,70,1.0,1.0,1.0,0.5450230107962604,8,3,0.375,-0.10040439694166015,0.37130941337447965,0.4717138103161398,0.32209480065673546,-2.2220948006567354,0.2660285784739903
Yvonne Schmidt,ys,0.8,78,78,78,1.0,78,1.0,1.0,1.0,1.0,4,3,0.75,0.19134775374376034,1.0,0.8086522462562397,0.5018289969384973,-2.3018289969384975,0.23432481312672887
Tim Niklas Herholz,tnh,0.8,77,77,77,1.0,77,1.0,1.0,1.0,1.0,5,4,0.8,0.14642262895174696,1.0,0.853577371048253,0.4741528301017471,-2.2741528301017473,0.24532935998393082
Simon Ecker,sec,0.555,20,20,20,1.0,20,1.0,1.0,1.0,0.7491998463705032,5,3,0.6,-0.02043438896924854,0.6534424829109512,0.6738768718801997,0.37136040187269853,-1.9263604018726985,0.3836179494263269
